image,x1,y1,x2,y2,gt_char,pred_char,pred_conf(%),correct,top2_char,top2_conf(%),top3_char,top3_conf(%),top4_char,top4_conf(%),top5_char,top5_conf(%)
200010454_00016_1,1467,1750,1581,1851,む,む,99.8,O,ん,0.0,ひ,0.0,無,0.0,尤,0.0
200010454_00016_1,1182,1682,1277,1791,を,を,99.8,O,き,0.0,も,0.0,な,0.0,ら,0.0
200010454_00016_1,151,1535,262,1619,故,故,99.8,O,蚊,0.0,枚,0.0,胡,0.0,放,0.0
200010454_00016_1,140,1212,275,1339,人,人,99.7,O,ん,0.0,へ,0.0,く,0.0,〱,0.0
200010454_00016_1,1473,1948,1577,2070,夜,夜,99.8,O,病,0.0,炭,0.0,秋,0.0,応,0.0
200010454_00016_1,314,1545,400,1660,ま,ま,99.8,O,る,0.0,う,0.0,れ,0.0,よ,0.0
200010454_00016_1,312,1069,405,1206,侍,侍,99.8,O,待,0.0,伝,0.0,何,0.0,得,0.0
200010454_00016_1,354,340,441,495,き,き,99.8,O,ぎ,0.0,さ,0.0,れ,0.0,た,0.0
200010454_00016_1,614,1007,689,1122,た,た,99.8,O,さ,0.0,だ,0.0,こ,0.0,左,0.0
200010454_00016_1,307,1436,411,1545,む,む,99.8,O,ん,0.0,ひ,0.0,無,0.0,ず,0.0
200010454_00016_1,1174,485,1300,561,や,や,99.8,O,屋,0.0,ヤ,0.0,女,0.0,ゆ,0.0
200010454_00016_1,902,361,992,488,た,た,99.6,O,だ,0.0,太,0.0,大,0.0,さ,0.0
200010454_00016_1,1190,366,1291,465,の,の,99.7,O,之,0.0,て,0.0,ふ,0.0,い,0.0
200010454_00016_1,159,1631,257,1710,大,大,99.7,O,人,0.0,天,0.0,太,0.0,六,0.0
200010454_00016_1,1310,1997,1424,2079,心,心,99.8,O,山,0.0,ん,0.0,く,0.0,出,0.0
200010454_00016_1,296,1852,413,1933,時,時,99.8,O,明,0.0,付,0.0,寸,0.0,持,0.0
200010454_00016_1,184,340,278,429,お,お,99.8,O,あ,0.0,た,0.0,む,0.0,な,0.0
200010454_00016_1,1229,1190,1277,1299,き,き,99.8,O,ぎ,0.0,さ,0.0,れ,0.0,た,0.0
200010454_00016_1,491,1637,558,1796,〱,〱,99.8,O,〲,0.0,く,0.0,し,0.0,々,0.0
200010454_00016_1,1517,721,1589,862,き,き,99.8,O,ぎ,0.0,さ,0.0,れ,0.0,た,0.0
200010454_00016_1,1072,1144,1151,1283,き,き,99.8,O,ぎ,0.0,さ,0.0,れ,0.0,た,0.0
200010454_00016_1,1047,1826,1137,1931,侍,侍,99.7,O,何,0.0,伝,0.0,待,0.0,仕,0.0
200010454_00016_1,332,539,424,599,い,い,99.8,O,以,0.0,は,0.0,へ,0.0,の,0.0
200010454_00016_1,147,1402,225,1493,て,て,99.8,O,で,0.0,そ,0.0,く,0.0,〱,0.0
200010454_00016_1,472,790,544,919,み,見,98.8,X,み,0.8,え,0.0,貝,0.0,ん,0.0
200010454_00016_1,758,1823,830,1922,て,て,99.8,O,で,0.0,く,0.0,そ,0.0,〱,0.0
200010454_00016_1,904,725,994,821,に,に,99.7,O,又,0.0,ふ,0.0,小,0.0,し,0.0
200010454_00016_1,1071,2028,1127,2097,わ,わ,99.8,O,に,0.0,は,0.0,あ,0.0,り,0.0
200010454_00016_1,782,1584,828,1689,き,き,99.7,O,ぎ,0.0,さ,0.0,れ,0.0,た,0.0
200010454_00016_1,451,2014,524,2103,な,な,99.7,O,る,0.0,ほ,0.0,ぼ,0.0,那,0.0
200010454_00016_1,1344,1256,1425,1306,い,い,99.8,O,以,0.0,は,0.0,の,0.0,へ,0.0
200010454_00016_1,1479,882,1587,970,を,を,99.7,O,き,0.0,も,0.0,し,0.0,や,0.0
200010454_00016_1,1374,466,1437,577,け,け,99.7,O,遣,0.0,き,0.0,げ,0.0,口,0.0
200010454_00016_1,1475,1228,1575,1333,お,お,99.7,O,仁,0.0,出,0.0,松,0.0,あ,0.0
200010454_00016_1,1078,1448,1125,1546,ま,ま,99.7,O,れ,0.0,よ,0.0,事,0.0,て,0.0
200010454_00016_1,603,1517,713,1625,の,の,99.5,O,○,0.0,之,0.0,て,0.0,〱,0.0
200010454_00016_1,1079,1042,1125,1128,に,に,99.7,O,又,0.0,よ,0.0,る,0.0,ふ,0.0
200010454_00016_1,1328,1771,1408,1864,ま,ま,99.8,O,よ,0.0,さ,0.0,れ,0.0,て,0.0
200010454_00016_1,472,1547,517,1659,す,す,99.8,O,ず,0.0,寸,0.0,そ,0.0,次,0.0
200010454_00016_1,598,1606,709,1683,を,を,99.7,O,き,0.0,も,0.0,や,0.0,て,0.0
200010454_00016_1,611,362,705,456,の,の,99.7,O,之,0.0,い,0.0,ふ,0.0,て,0.0
200010454_00016_1,1217,665,1258,783,も,も,99.7,O,を,0.0,て,0.0,と,0.0,れ,0.0
200010454_00016_1,1034,1938,1150,2010,を,を,99.7,O,き,0.0,も,0.0,や,0.0,て,0.0
200010454_00016_1,162,1925,242,1993,い,い,99.8,O,つ,0.0,は,0.0,ハ,0.0,の,0.0
200010454_00016_1,1048,1578,1149,1665,ほ,ほ,99.7,O,ぼ,0.1,ぽ,0.0,か,0.0,つ,0.0
200010454_00016_1,742,1713,840,1763,つ,つ,99.7,O,門,0.0,づ,0.0,っ,0.0,ろ,0.0
200010454_00016_1,898,1697,995,1799,給,給,99.7,O,な,0.0,も,0.0,の,0.0,る,0.0
200010454_00016_1,300,1670,402,1765,れ,れ,99.1,O,の,0.1,ら,0.1,ね,0.0,ふ,0.0
200010454_00016_1,757,2004,830,2104,て,て,99.8,O,で,0.0,そ,0.0,く,0.0,〱,0.0
200010454_00016_1,463,672,537,758,て,て,99.8,O,で,0.0,そ,0.0,く,0.0,〱,0.0
200010454_00016_1,1088,602,1119,711,く,〱,99.6,X,く,0.2,〲,0.0,て,0.0,し,0.0
200010454_00016_1,941,1323,973,1409,に,に,99.7,O,又,0.0,よ,0.0,る,0.0,し,0.0
200010454_00016_1,153,2008,276,2104,ま,ま,99.8,O,よ,0.0,れ,0.0,さ,0.0,雨,0.0
200010454_00016_1,762,1769,834,1826,い,い,99.8,O,以,0.0,は,0.0,つ,0.0,の,0.0
200010454_00016_1,931,1429,981,1534,ま,ま,96.1,O,さ,1.8,き,0.4,こ,0.2,う,0.1
200010454_00016_1,780,976,810,1099,く,〱,79.7,X,く,19.8,て,0.0,〲,0.0,ゝ,0.0
200010454_00016_1,934,828,975,941,も,も,99.7,O,を,0.0,て,0.0,と,0.0,れ,0.0
200010454_00016_1,1508,1868,1538,1929,に,に,99.8,O,又,0.0,よ,0.0,し,0.0,る,0.0
200010454_00016_1,1545,373,1584,485,ま,ま,95.0,O,さ,1.3,た,1.0,う,0.5,き,0.3
200010454_00016_1,347,722,413,819,ち,り,98.4,X,ち,1.0,ら,0.0,う,0.0,る,0.0
200010454_00016_1,611,1228,700,1337,ひ,ひ,99.8,O,び,0.0,る,0.0,む,0.0,此,0.0
200010454_00016_1,1201,797,1285,953,た,は,77.1,X,た,20.2,て,0.4,ハ,0.1,そ,0.0
200010454_00016_1,911,1045,1006,1146,の,の,99.7,O,之,0.0,て,0.0,ふ,0.0,い,0.0
200010454_00016_1,898,1593,980,1687,て,て,99.8,O,で,0.0,そ,0.0,く,0.0,〱,0.0
200010454_00016_1,1489,1481,1539,1586,ま,ま,94.2,O,さ,1.2,こ,0.4,「,0.4,た,0.4
200010454_00016_1,608,1954,696,2023,せ,せ,99.7,O,ぜ,0.0,を,0.0,世,0.0,遣,0.0
200010454_00016_1,1511,513,1607,616,ほ,ほ,99.8,O,ぼ,0.0,ぽ,0.0,あ,0.0,を,0.0
200010454_00016_1,500,358,534,478,そ,う,99.7,X,そ,0.0,ら,0.0,り,0.0,之,0.0
200010454_00016_1,1311,1665,1411,1778,れ,れ,99.7,O,ね,0.0,ん,0.0,礼,0.0,の,0.0
200010454_00016_1,1345,1542,1394,1660,く,く,99.8,O,〱,0.1,ゝ,0.0,ぐ,0.0,て,0.0
200010454_00016_1,616,2025,655,2109,う,う,99.8,O,ら,0.0,そ,0.0,り,0.0,か,0.0
200010454_00016_1,300,1285,404,1416,な,な,99.8,O,る,0.0,那,0.0,れ,0.0,ほ,0.0
200010454_00016_1,1075,1728,1110,1837,う,う,99.7,O,ら,0.0,そ,0.0,り,0.0,之,0.0
200010454_00016_1,1497,1116,1567,1227,ち,ち,99.7,O,り,0.0,ら,0.0,ぢ,0.0,る,0.0
200010454_00016_1,181,911,247,1011,あ,あ,99.7,O,ろ,0.0,帰,0.0,し,0.0,め,0.0
200010454_00016_1,749,468,844,614,ろ,ろ,99.8,O,路,0.0,あ,0.0,ち,0.0,つ,0.0
200010454_00016_1,642,874,699,1008,り,り,99.7,O,う,0.0,里,0.0,か,0.0,る,0.0
200010454_00016_1,1344,356,1447,465,ふ,ふ,99.8,O,ぶ,0.0,た,0.0,不,0.0,の,0.0
200010454_00016_1,159,506,272,594,ふ,ふ,99.8,O,ぶ,0.0,不,0.0,た,0.0,に,0.0
200010454_00016_1,1350,604,1440,717,侍,侍,99.8,O,伝,0.0,待,0.0,何,0.0,得,0.0
200010454_00016_1,652,457,678,521,み,み,65.9,O,ミ,33.0,之,0.4,え,0.0,々,0.0
200010454_00016_1,336,616,418,723,の,の,99.7,O,之,0.0,て,0.0,ふ,0.0,い,0.0
200010454_00016_1,647,1399,679,1514,も,も,99.7,O,を,0.0,て,0.0,と,0.0,に,0.0
200010454_00016_1,632,662,707,770,ち,ち,99.8,O,ぢ,0.0,ら,0.0,り,0.0,ろ,0.0
200010454_00016_1,1225,1382,1271,1471,た,た,99.8,O,さ,0.0,だ,0.0,き,0.0,ゝ,0.0
200010454_00016_1,1363,1413,1394,1522,く,〱,93.4,X,く,6.2,〲,0.0,て,0.0,ゝ,0.0
200010454_00016_1,429,1909,536,2024,れ,れ,99.6,O,の,0.0,ね,0.0,も,0.0,ん,0.0
200010454_00016_1,454,1041,526,1128,て,て,99.8,O,で,0.0,そ,0.0,く,0.0,〱,0.0
200010454_00016_1,1351,1147,1420,1229,て,て,99.8,O,で,0.0,そ,0.0,く,0.0,〱,0.0
200010454_00016_1,776,1188,819,1278,も,も,99.8,O,を,0.0,て,0.0,と,0.0,に,0.0
200010454_00016_1,500,482,526,551,こ,こ,99.7,O,ご,0.0,た,0.0,と,0.0,〻,0.0
200010454_00016_1,631,1815,687,1891,る,る,99.5,O,か,0.3,ひ,0.0,日,0.0,り,0.0
200010454_00016_1,870,1807,1013,1862,へ,へ,99.7,O,べ,0.0,一,0.0,ヘ,0.0,え,0.0
200010454_00016_1,1078,897,1124,1041,り,り,99.7,O,う,0.0,里,0.0,か,0.0,も,0.0
200010454_00016_1,753,1135,841,1187,お,ゆ,38.4,X,や,9.5,山,7.1,出,7.0,お,3.4
200010454_00016_1,322,2006,372,2103,り,り,99.8,O,う,0.0,る,0.0,か,0.0,里,0.0
200010454_00016_1,1472,1587,1560,1679,す,す,99.8,O,寸,0.0,ず,0.0,十,0.0,ま,0.0
200010454_00016_1,606,1906,684,1953,御,御,99.8,O,四,0.0,さ,0.0,以,0.0,た,0.0
200010454_00016_1,1312,1905,1422,1988,ふ,ふ,96.7,O,ぶ,2.9,不,0.0,ぷ,0.0,だ,0.0
200010454_00016_1,1373,1321,1409,1411,そ,う,99.8,X,そ,0.0,か,0.0,ら,0.0,り,0.0
200010454_00016_1,343,939,379,1059,も,も,99.7,O,て,0.0,を,0.0,と,0.0,に,0.0
200010454_00016_1,1231,574,1253,650,み,み,97.0,O,ミ,2.6,之,0.1,え,0.0,々,0.0
200010454_00016_1,1206,1810,1249,1919,た,た,99.8,O,さ,0.0,だ,0.0,ら,0.0,ゝ,0.0
200010454_00016_1,496,569,523,664,に,に,99.7,O,る,0.0,又,0.0,よ,0.0,て,0.0
200010454_00016_1,639,1112,677,1224,ま,ま,99.3,O,よ,0.3,申,0.0,う,0.0,る,0.0
200010454_00016_1,474,1153,518,1267,ま,ま,94.2,O,よ,4.9,申,0.1,事,0.0,う,0.0
200010454_00016_1,902,975,1007,1041,心,心,99.8,O,ん,0.0,尤,0.0,必,0.0,出,0.0
200010454_00016_1,929,495,991,577,く,く,99.7,O,〱,0.1,ゝ,0.0,ぐ,0.0,ム,0.0
200010454_00016_1,166,811,261,900,ろ,つ,99.8,X,門,0.0,づ,0.0,ろ,0.0,へ,0.0
200010454_00016_1,637,540,681,655,た,た,99.8,O,さ,0.0,だ,0.0,ら,0.0,き,0.0
200010454_00016_1,1206,1933,1240,2078,に,に,99.7,O,り,0.0,事,0.0,て,0.0,う,0.0
200010454_00016_1,950,1154,983,1225,と,と,75.5,O,こ,23.1,た,0.1,ど,0.0,さ,0.0
200010454_00016_1,778,1276,823,1377,た,た,99.8,O,さ,0.0,だ,0.0,き,0.0,ら,0.0
200010454_00016_1,950,1227,980,1310,か,か,99.7,O,る,0.0,り,0.0,ろ,0.0,う,0.0
200010454_00016_1,221,420,256,507,も,も,99.7,O,を,0.0,と,0.0,て,0.0,に,0.0
200010454_00016_1,1370,1065,1408,1136,と,と,99.6,O,〱,0.0,こ,0.0,た,0.0,ど,0.0
200010454_00016_1,1386,906,1403,1044,し,し,99.7,O,ら,0.0,〱,0.0,じ,0.0,く,0.0
200010454_00016_1,1084,1309,1118,1367,こ,こ,99.8,O,ご,0.0,と,0.0,た,0.0,二,0.0
200010454_00016_1,443,1844,530,1901,つ,つ,99.7,O,門,0.0,づ,0.0,へ,0.0,ろ,0.0
200010454_00016_1,361,838,385,934,に,に,99.7,O,よ,0.0,ま,0.0,る,0.0,り,0.0
200010454_00016_1,486,934,522,1019,た,た,99.8,O,さ,0.0,だ,0.0,ら,0.0,ゝ,0.0
200010454_00016_1,1086,372,1132,474,は,は,99.8,O,わ,0.0,ハ,0.0,い,0.0,ば,0.0
200010454_00016_1,427,1512,582,1564,へ,へ,99.6,O,べ,0.0,一,0.0,ヘ,0.0,え,0.0
200010454_00016_1,337,1923,359,2005,よ,よ,99.7,O,ま,0.0,と,0.0,し,0.0,に,0.0
200010454_00016_1,1087,478,1129,574,る,る,99.8,O,ひ,0.0,か,0.0,日,0.0,く,0.0
200010454_00016_1,788,1933,811,2000,に,に,99.8,O,る,0.0,又,0.0,り,0.0,わ,0.0
200010454_00016_1,1346,725,1446,837,ぬ,ぬ,99.8,O,ね,0.0,め,0.0,ゐ,0.0,て,0.0
200010454_00016_1,736,714,844,851,れ,れ,99.8,O,の,0.0,ね,0.0,連,0.0,ん,0.0
200010454_00016_1,1234,1073,1279,1172,た,た,99.8,O,さ,0.0,だ,0.0,き,0.0,ゝ,0.0
200010454_00016_1,942,1943,966,2110,し,し,99.7,O,ら,0.0,じ,0.0,〱,0.0,ゝ,0.0
200010454_00016_1,648,1704,673,1759,か,か,99.7,O,ろ,0.0,る,0.0,う,0.0,り,0.0
200010454_00016_1,433,1293,541,1362,つ,つ,99.8,O,門,0.0,づ,0.0,へ,0.0,ろ,0.0
200010454_00016_1,193,1014,244,1108,り,り,99.8,O,う,0.0,か,0.0,も,0.0,る,0.0
200010454_00016_1,1333,847,1480,897,へ,へ,99.0,O,べ,0.5,一,0.0,ヘ,0.0,人,0.0
200010454_00016_1,926,1878,967,1938,と,と,99.5,O,〱,0.0,く,0.0,ど,0.0,こ,0.0
200010454_00016_1,1505,988,1557,1109,ま,ま,99.7,O,事,0.1,よ,0.0,申,0.0,れ,0.0
200010454_00016_1,652,777,674,872,よ,よ,99.7,O,ま,0.0,と,0.0,し,0.0,て,0.0
200010454_00016_1,1182,956,1313,1014,へ,へ,99.7,O,べ,0.0,一,0.0,ヘ,0.0,え,0.0
200010454_00016_1,208,625,241,698,こ,か,90.5,X,ら,2.7,こ,1.6,う,1.1,ろ,1.0
200010454_00016_1,479,1360,521,1426,る,か,99.7,X,る,0.0,り,0.0,ろ,0.0,う,0.0
200010454_00016_1,1236,1328,1256,1382,か,か,99.6,O,る,0.0,ろ,0.0,う,0.0,ゝ,0.0
200010454_00016_1,781,373,813,448,こ,こ,99.8,O,ご,0.0,ら,0.0,た,0.0,う,0.0
200010454_00016_1,961,574,989,705,し,し,99.7,O,ら,0.0,ゝ,0.0,じ,0.0,く,0.0
200010454_00016_1,188,1321,209,1399,に,に,99.8,O,又,0.0,よ,0.0,る,0.0,て,0.0
200010454_00016_1,154,1708,253,1820,納,納,99.7,O,網,0.0,細,0.0,組,0.0,絹,0.0
200010454_00016_1,1075,749,1126,806,は,か,74.2,X,は,22.5,ハ,1.0,い,0.2,つ,0.1
200010454_00016_1,771,619,795,708,う,う,99.7,O,ら,0.0,そ,0.0,か,0.0,り,0.0
200010454_00016_1,210,1106,229,1228,し,し,99.7,O,ら,0.0,じ,0.0,ゝ,0.0,〱,0.0
200010454_00016_1,1102,1368,1144,1447,え,え,99.8,O,元,0.0,之,0.0,へ,0.0,ら,0.0
200010454_00016_1,1220,1498,1271,1545,は,か,70.2,X,は,25.7,ハ,1.3,い,0.5,つ,0.2
200010454_00016_1,1509,1307,1555,1356,は,か,99.3,X,は,0.2,い,0.0,つ,0.0,ハ,0.0
200010454_00016_1,198,704,234,804,,た,99.8,,こ,0.0,ら,0.0,ゝ,0.0,さ,0.0
200010454_00016_1,1359,1844,1391,1907,と,と,99.1,O,た,0.2,も,0.1,こ,0.0,ど,0.0
200010454_00016_1,1236,1547,1267,1685,し,し,99.7,O,ら,0.0,じ,0.0,ゝ,0.0,候,0.0
200010454_00016_1,1228,1021,1253,1071,か,か,99.7,O,る,0.0,ろ,0.0,加,0.0,け,0.0
200010454_00016_1,1503,1673,1531,1744,ら,ら,99.6,O,ゝ,0.1,候,0.0,く,0.0,し,0.0
200010454_00016_1,1522,1349,1551,1467,し,し,99.5,O,ら,0.2,ゝ,0.0,く,0.0,候,0.0
200010454_00016_1,368,1761,388,1862,し,し,99.7,O,ら,0.0,じ,0.0,ゝ,0.0,候,0.0
200010454_00016_1,337,1226,356,1281,か,か,99.7,O,ろ,0.0,る,0.0,加,0.0,う,0.0
200010454_00016_1,486,1444,514,1498,か,か,99.7,O,ろ,0.0,る,0.0,り,0.0,加,0.0
200010454_00016_1,654,1754,674,1819,,ゝ,68.1,,ら,13.3,か,8.2,く,4.2,う,0.7
200010454_00016_1,800,1397,817,1579,し,し,99.7,O,ら,0.0,〱,0.0,じ,0.0,て,0.0
200010454_00016_1,1564,613,1588,723,し,し,99.8,O,ら,0.0,ゝ,0.0,じ,0.0,候,0.0
200010454_00016_1,674,1333,688,1445,し,し,99.7,O,ら,0.0,ゝ,0.0,じ,0.0,〱,0.0
200010454_00016_1,930,1546,959,1589,,か,99.7,,ろ,0.0,る,0.0,加,0.0,り,0.0
200010454_00016_1,808,845,844,978,し,し,99.7,O,ら,0.0,じ,0.0,ゝ,0.0,候,0.0
200010454_00016_1,1086,817,1105,897,か,か,99.7,O,り,0.0,る,0.0,う,0.0,が,0.0
200010454_00016_1,1120,1648,1133,1732,し,し,99.7,O,ら,0.0,ゝ,0.0,じ,0.0,く,0.0
200010454_00016_1,150,1819,235,1906,言,て,99.7,X,で,0.1,も,0.0,そ,0.0,言,0.0
200021071_00081_1,542,886,636,995,吾,吾,99.8,O,苦,0.0,告,0.0,舌,0.0,五,0.0
200021071_00081_1,1296,2334,1401,2442,教,教,99.7,O,敢,0.0,顔,0.0,散,0.0,放,0.0
200021071_00081_1,1427,534,1532,640,体,体,99.8,O,鉢,0.0,射,0.0,伏,0.0,本,0.0
200021071_00081_1,1466,2578,1545,2677,き,散,91.0,X,き,3.1,敷,0.2,両,0.1,前,0.0
200021071_00081_1,837,1152,949,1254,酔,酔,99.8,O,砕,0.0,酢,0.0,体,0.0,「,0.0
200021071_00081_1,398,1399,498,1499,聞,聞,99.7,O,夕,0.0,関,0.0,坐,0.0,中,0.0
200021071_00081_1,1726,1739,1854,1832,今,今,99.8,O,金,0.0,吟,0.0,分,0.0,命,0.0
200021071_00081_1,710,2447,812,2550,成,成,99.8,O,誠,0.0,盛,0.0,城,0.0,氏,0.0
200021071_00081_1,1736,1008,1838,1095,又,又,99.8,O,五,0.0,文,0.0,天,0.0,夫,0.0
200021071_00081_1,259,2578,370,2687,依,依,99.6,O,衣,0.0,侠,0.0,俵,0.0,旅,0.0
200021071_00081_1,1579,784,1676,883,程,程,99.8,O,柱,0.0,ね,0.0,祝,0.0,住,0.0
200021071_00081_1,395,1276,509,1375,人,人,99.8,O,ん,0.0,へ,0.0,く,0.0,又,0.0
200021071_00081_1,1308,2210,1398,2305,犬,犬,99.7,O,伏,0.0,大,0.0,𠀋,0.0,友,0.0
200021071_00081_1,1442,1384,1534,1489,成,成,99.8,O,盛,0.0,誠,0.0,城,0.0,氏,0.0
200021071_00081_1,1748,1608,1842,1718,来,来,99.8,O,木,0.0,米,0.0,耒,0.0,束,0.0
200021071_00081_1,539,1023,651,1113,又,又,99.8,O,五,0.0,文,0.0,夫,0.0,工,0.0
200021071_00081_1,262,2221,353,2321,る,る,99.7,O,類,0.0,ひ,0.0,日,0.0,な,0.0
200021071_00081_1,106,2459,204,2560,者,者,99.7,O,老,0.0,煮,0.0,孝,0.0,有,0.0
200021071_00081_1,999,897,1094,1004,篭,篭,99.8,O,蔵,0.0,竜,0.0,筋,0.0,筈,0.0
200021071_00081_1,701,1496,793,1608,聞,聞,99.7,O,夕,0.0,半,0.0,関,0.0,中,0.0
200021071_00081_1,413,1155,490,1249,里,里,99.8,O,り,0.0,男,0.0,黒,0.0,理,0.0
200021071_00081_1,436,2823,513,2931,来,来,99.8,O,木,0.0,米,0.0,束,0.0,耒,0.0
200021071_00081_1,693,1018,791,1122,の,の,99.8,O,之,0.0,い,0.0,て,0.0,ふ,0.0
200021071_00081_1,1299,1144,1393,1236,を,を,99.7,O,き,0.0,も,0.0,し,0.0,ら,0.0
200021071_00081_1,1007,2461,1104,2555,の,の,99.7,O,之,0.0,い,0.0,ふ,0.0,て,0.0
200021071_00081_1,1591,539,1666,645,は,は,99.8,O,ハ,0.0,ば,0.0,い,0.0,わ,0.0
200021071_00081_1,1299,1260,1382,1358,哉,却,50.0,X,都,9.3,刻,5.1,式,4.3,哉,2.7
200021071_00081_1,1156,1966,1232,2070,用,用,99.8,O,月,0.0,角,0.0,囲,0.0,同,0.0
200021071_00081_1,1002,1032,1091,1111,に,に,99.7,O,小,0.0,又,0.0,よ,0.0,し,0.0
200021071_00081_1,1444,1748,1536,1851,え,え,99.2,O,元,0.1,畳,0.1,之,0.0,奥,0.0
200021071_00081_1,106,1371,192,1471,ほ,ほ,99.8,O,ぼ,0.0,ぽ,0.0,不,0.0,あ,0.0
200021071_00081_1,854,1400,951,1500,後,後,99.8,O,期,0.0,彼,0.0,海,0.0,浮,0.0
200021071_00081_1,1457,2228,1541,2318,す,す,75.9,O,須,10.6,次,4.5,ず,1.4,吹,0.7
200021071_00081_1,1147,780,1244,856,に,に,99.8,O,小,0.0,又,0.0,国,0.0,よ,0.0
200021071_00081_1,1755,2563,1859,2655,ぬ,ぬ,99.8,O,ね,0.0,思,0.0,め,0.0,好,0.0
200021071_00081_1,1306,2822,1397,2907,主,主,99.8,O,生,0.0,王,0.0,わ,0.0,之,0.0
200021071_00081_1,407,1756,485,1859,て,て,99.8,O,で,0.0,そ,0.0,く,0.0,〱,0.0
200021071_00081_1,109,2584,208,2669,に,に,99.8,O,小,0.0,又,0.0,国,0.0,よ,0.0
200021071_00081_1,1140,1609,1239,1710,有,有,98.9,O,百,0.1,在,0.0,下,0.0,直,0.0
200021071_00081_1,1303,2954,1420,3039,人,人,99.8,O,大,0.0,へ,0.0,ん,0.0,入,0.0
200021071_00081_1,1287,1028,1385,1115,何,何,99.8,O,あ,0.0,阿,0.0,河,0.0,行,0.0
200021071_00081_1,859,1272,936,1375,て,て,99.8,O,で,0.0,そ,0.0,く,0.0,〱,0.0
200021071_00081_1,105,2345,207,2433,仕,仕,99.8,O,使,0.0,任,0.0,仁,0.0,在,0.0
200021071_00081_1,1141,1251,1245,1345,ゑ,ゑ,99.7,O,え,0.0,思,0.0,名,0.0,衛,0.0
200021071_00081_1,571,2460,655,2563,声,声,99.1,O,都,0.2,聞,0.0,戸,0.0,多,0.0
200021071_00081_1,1141,650,1227,756,篭,篭,82.4,O,蔵,16.1,竜,0.0,飛,0.0,翁,0.0
200021071_00081_1,1007,1274,1089,1369,先,先,99.8,O,洗,0.0,え,0.0,元,0.0,見,0.0
200021071_00081_1,1156,1848,1230,1946,て,て,99.8,O,で,0.0,そ,0.0,く,0.0,〱,0.0
200021071_00081_1,1751,1967,1836,2064,つ,つ,99.8,O,門,0.0,づ,0.0,へ,0.0,っ,0.0
200021071_00081_1,404,2120,512,2207,や,や,99.8,O,屋,0.0,ヤ,0.0,ゆ,0.0,女,0.0
200021071_00081_1,280,2458,360,2540,に,に,99.7,O,又,0.0,子,0.0,小,0.0,ふ,0.0
200021071_00081_1,1456,2106,1553,2196,参,参,99.7,O,薬,0.0,未,0.0,集,0.0,果,0.0
200021071_00081_1,1755,2086,1840,2169,所,所,99.8,O,前,0.0,不,0.0,百,0.0,取,0.0
200021071_00081_1,704,1384,799,1471,を,を,99.8,O,き,0.0,越,0.0,も,0.0,な,0.0
200021071_00081_1,103,1019,186,1104,に,に,99.8,O,丹,0.0,子,0.0,又,0.0,舟,0.0
200021071_00081_1,1589,903,1674,976,主,主,99.8,O,生,0.0,王,0.0,わ,0.0,之,0.0
200021071_00081_1,123,2224,191,2312,召,召,99.7,O,古,0.0,百,0.0,太,0.0,呂,0.0
200021071_00081_1,565,2351,650,2435,大,大,99.2,O,天,0.1,て,0.1,人,0.0,火,0.0
200021071_00081_1,122,2936,203,3039,を,を,99.8,O,き,0.0,も,0.0,な,0.0,た,0.0
200021071_00081_1,1131,896,1234,976,様,様,99.8,O,ま,0.0,根,0.0,情,0.0,ね,0.0
200021071_00081_1,1599,1853,1696,1940,ゑ,ゑ,99.7,O,え,0.0,思,0.0,名,0.0,衛,0.0
200021071_00081_1,281,2340,357,2441,是,是,99.8,O,走,0.0,乞,0.0,足,0.0,し,0.0
200021071_00081_1,555,1993,663,2079,や,や,99.8,O,屋,0.0,ヤ,0.0,也,0.0,ゆ,0.0
200021071_00081_1,569,2944,668,3033,お,お,99.8,O,む,0.0,出,0.0,た,0.0,あ,0.0
200021071_00081_1,869,1509,935,1620,爰,爰,99.8,O,麦,0.0,夏,0.0,夢,0.0,変,0.0
200021071_00081_1,1305,1725,1394,1836,る,る,99.8,O,く,0.0,類,0.0,ひ,0.0,な,0.0
200021071_00081_1,1581,1020,1682,1118,人,人,99.8,O,く,0.0,ん,0.0,又,0.0,へ,0.0
200021071_00081_1,997,1143,1088,1246,行,行,99.7,O,断,0.0,得,0.0,折,0.0,斯,0.0
200021071_00081_1,120,1861,191,1956,其,其,99.8,O,去,0.0,元,0.0,共,0.0,天,0.0
200021071_00081_1,1154,1728,1239,1820,行,行,80.9,O,得,9.9,断,1.7,折,0.4,祈,0.3
200021071_00081_1,1003,2792,1102,2916,に,に,99.8,O,又,0.0,て,0.0,小,0.0,子,0.0
200021071_00081_1,1587,670,1677,752,此,此,99.8,O,比,0.0,山,0.0,ひ,0.0,氏,0.0
200021071_00081_1,1619,2933,1716,3024,五,五,99.8,O,又,0.0,王,0.0,三,0.0,九,0.0
200021071_00081_1,1139,1130,1255,1217,の,の,99.8,O,い,0.0,ふ,0.0,之,0.0,て,0.0
200021071_00081_1,1134,526,1227,631,の,の,99.7,O,之,0.0,て,0.0,ふ,0.0,い,0.0
200021071_00081_1,1010,1980,1096,2110,見,見,99.6,O,み,0.1,え,0.0,貝,0.0,児,0.0
200021071_00081_1,1298,2700,1407,2794,我,我,99.7,O,家,0.0,義,0.0,地,0.0,城,0.0
200021071_00081_1,1001,1866,1095,1950,を,を,99.7,O,き,0.0,も,0.0,し,0.0,た,0.0
200021071_00081_1,550,1624,644,1742,あ,あ,99.7,O,帰,0.0,め,0.0,し,0.0,ろ,0.0
200021071_00081_1,880,2592,941,2689,く,く,55.7,O,具,28.7,空,1.6,貴,1.5,其,0.5
200021071_00081_1,1315,1494,1374,1594,望,望,98.9,O,り,0.3,堂,0.0,里,0.0,様,0.0
200021071_00081_1,1738,770,1824,856,に,に,99.8,O,又,0.0,小,0.0,子,0.0,ふ,0.0
200021071_00081_1,417,2239,503,2344,お,お,99.7,O,た,0.0,あ,0.0,む,0.0,に,0.0
200021071_00081_1,1600,2337,1687,2419,あ,あ,99.8,O,帰,0.0,ろ,0.0,阿,0.0,め,0.0
200021071_00081_1,579,2825,649,2923,て,て,99.8,O,で,0.0,そ,0.0,く,0.0,〱,0.0
200021071_00081_1,1299,1860,1388,1970,ほ,ほ,99.7,O,ぼ,0.0,ぽ,0.0,を,0.0,不,0.0
200021071_00081_1,428,2348,506,2437,ほ,ほ,99.7,O,ぼ,0.0,ぽ,0.0,を,0.0,不,0.0
200021071_00081_1,101,1752,209,1827,ぬ,ぬ,99.8,O,ね,0.0,好,0.0,ふ,0.0,ゐ,0.0
200021071_00081_1,1772,2321,1827,2427,す,す,99.8,O,ず,0.0,寸,0.0,次,0.0,そ,0.0
200021071_00081_1,1027,2939,1101,3043,是,是,99.8,O,走,0.0,乞,0.0,足,0.0,し,0.0
200021071_00081_1,1457,2825,1538,2898,云,云,99.8,O,言,0.0,去,0.0,土,0.0,公,0.0
200021071_00081_1,1603,2080,1689,2184,き,処,24.3,X,き,17.6,敷,4.6,専,3.5,支,1.0
200021071_00081_1,849,549,933,643,を,を,99.7,O,越,0.0,き,0.0,も,0.0,な,0.0
200021071_00081_1,1304,2581,1376,2661,云,云,99.8,O,言,0.0,去,0.0,土,0.0,公,0.0
200021071_00081_1,1436,1050,1539,1134,や,や,99.8,O,屋,0.0,ヤ,0.0,ゆ,0.0,也,0.0
200021071_00081_1,271,2820,354,2923,お,お,98.5,O,た,0.7,あ,0.0,に,0.0,出,0.0
200021071_00081_1,1615,2777,1686,2909,れ,れ,99.8,O,連,0.0,ん,0.0,ね,0.0,礼,0.0
200021071_00081_1,265,2925,347,3036,ほ,ほ,99.8,O,ぼ,0.0,ぽ,0.0,不,0.0,あ,0.0
200021071_00081_1,719,1803,789,1964,れ,れ,99.7,O,連,0.0,ん,0.0,ね,0.0,き,0.0
200021071_00081_1,1177,2339,1234,2419,と,と,99.8,O,こ,0.0,ど,0.0,た,0.0,し,0.0
200021071_00081_1,435,2475,483,2566,か,よ,95.7,X,か,2.9,ま,0.0,こ,0.0,の,0.0
200021071_00081_1,1021,2103,1077,2196,て,て,99.8,O,く,0.0,で,0.0,そ,0.0,〱,0.0
200021071_00081_1,1481,2933,1535,3029,は,は,99.8,O,ハ,0.0,わ,0.0,い,0.0,ば,0.0
200021071_00081_1,573,775,617,865,に,に,99.7,O,又,0.0,よ,0.0,小,0.0,子,0.0
200021071_00081_1,1169,2449,1243,2529,云,云,99.7,O,言,0.1,去,0.0,之,0.0,土,0.0
200021071_00081_1,724,1614,774,1719,て,て,99.8,O,で,0.0,そ,0.0,く,0.0,一,0.0
200021071_00081_1,1459,658,1514,759,も,も,99.7,O,を,0.0,て,0.0,と,0.0,れ,0.0
200021071_00081_1,1319,2460,1366,2562,て,て,99.8,O,で,0.0,く,0.0,そ,0.0,と,0.0
200021071_00081_1,1600,2223,1685,2308,を,を,99.7,O,き,0.0,も,0.0,ら,0.0,し,0.0
200021071_00081_1,687,878,795,1005,る,る,99.7,O,類,0.0,ひ,0.0,日,0.0,な,0.0
200021071_00081_1,1007,544,1068,642,は,は,99.8,O,ハ,0.0,わ,0.0,い,0.0,ば,0.0
200021071_00081_1,390,800,487,903,ほ,ほ,99.7,O,ぼ,0.0,ぽ,0.0,を,0.0,不,0.0
200021071_00081_1,1763,881,1811,982,す,す,99.8,O,ず,0.0,寸,0.0,次,0.0,そ,0.0
200021071_00081_1,284,2089,341,2196,ま,ま,99.8,O,よ,0.0,れ,0.0,に,0.0,る,0.0
200021071_00081_1,1745,1228,1823,1341,ほ,ほ,99.8,O,ぼ,0.0,ぽ,0.0,不,0.0,内,0.0
200021071_00081_1,1013,2338,1100,2431,ひ,ひ,99.8,O,び,0.0,る,0.0,む,0.0,此,0.0
200021071_00081_1,1749,2467,1855,2521,い,い,99.8,O,以,0.0,は,0.0,ひ,0.0,つ,0.0
200021071_00081_1,863,1880,940,2025,た,た,99.7,O,さ,0.0,ゝ,0.0,て,0.0,こ,0.0
200021071_00081_1,1754,2196,1828,2310,望,望,99.8,O,堂,0.0,り,0.0,尽,0.0,量,0.0
200021071_00081_1,1325,1375,1365,1468,と,と,99.8,O,ど,0.0,こ,0.0,た,0.0,も,0.0
200021071_00081_1,429,2959,507,3008,は,は,99.2,O,ハ,0.6,八,0.0,い,0.0,ば,0.0
200021071_00081_1,1485,2697,1522,2788,と,と,99.8,O,ど,0.0,こ,0.0,た,0.0,も,0.0
200021071_00081_1,1788,2684,1829,2780,申,申,99.8,O,し,0.0,ア,0.0,ま,0.0,中,0.0
200021071_00081_1,857,2723,949,2824,ほ,ほ,99.8,O,ぼ,0.0,ぽ,0.0,か,0.0,あ,0.0
200021071_00081_1,1464,1673,1547,1729,は,は,99.0,O,ハ,0.7,八,0.0,い,0.0,の,0.0
200021071_00081_1,1309,917,1368,988,は,は,99.8,O,ハ,0.0,わ,0.0,ば,0.0,い,0.0
200021071_00081_1,831,804,922,898,む,む,99.8,O,ひ,0.0,ん,0.0,尤,0.0,無,0.0
200021071_00081_1,825,682,931,804,の,の,99.8,O,之,0.0,て,0.0,ふ,0.0,い,0.0
200021071_00081_1,879,2125,933,2240,す,す,99.8,O,ず,0.0,寸,0.0,そ,0.0,次,0.0
200021071_00081_1,1763,2913,1863,3017,る,る,99.8,O,類,0.0,く,0.0,か,0.0,な,0.0
200021071_00081_1,417,649,465,777,く,く,99.5,O,〱,0.3,て,0.0,ゝ,0.0,ぐ,0.0
200021071_00081_1,284,2696,329,2800,て,て,99.8,O,で,0.0,く,0.0,そ,0.0,〱,0.0
200021071_00081_1,1741,1132,1827,1229,お,お,99.7,O,た,0.0,に,0.0,あ,0.0,む,0.0
200021071_00081_1,410,2684,511,2792,の,の,99.8,O,ふ,0.0,い,0.0,之,0.0,て,0.0
200021071_00081_1,91,847,193,995,ゐ,ゐ,96.9,O,井,2.0,升,0.2,外,0.0,九,0.0
200021071_00081_1,408,1630,479,1732,け,け,99.8,O,げ,0.0,遣,0.0,口,0.0,せ,0.0
200021071_00081_1,91,1242,197,1347,ろ,ろ,99.8,O,路,0.0,あ,0.0,ち,0.0,了,0.0
200021071_00081_1,266,1607,338,1714,て,て,99.8,O,で,0.0,そ,0.0,く,0.0,〱,0.0
200021071_00081_1,891,2256,924,2332,み,み,83.9,O,ミ,15.5,之,0.1,三,0.0,兵,0.0
200021071_00081_1,563,2224,635,2326,て,て,99.8,O,で,0.0,そ,0.0,く,0.0,〱,0.0
200021071_00081_1,1453,890,1498,1004,く,く,99.7,O,〱,0.1,ゝ,0.0,て,0.0,ぐ,0.0
200021071_00081_1,1177,1018,1209,1100,〻,〻,99.2,O,こ,0.4,々,0.1,え,0.0,み,0.0
200021071_00081_1,734,1732,773,1803,か,か,99.7,O,る,0.0,ろ,0.0,が,0.0,加,0.0
200021071_00081_1,249,773,337,905,ゆ,ゆ,99.8,O,や,0.0,せ,0.0,中,0.0,物,0.0
200021071_00081_1,1467,1978,1517,2086,そ,そ,99.7,O,て,0.0,う,0.0,ぞ,0.0,さ,0.0
200021071_00081_1,1454,778,1507,886,す,す,99.8,O,ず,0.0,寸,0.0,次,0.0,そ,0.0
200021071_00081_1,1035,2581,1079,2704,ま,ま,99.7,O,よ,0.0,れ,0.0,さ,0.0,て,0.0
200021071_00081_1,1159,1482,1235,1583,き,処,78.7,X,慶,2.5,度,0.6,専,0.5,決,0.4
200021071_00081_1,1181,2730,1237,2769,は,は,98.0,O,ハ,1.7,八,0.0,い,0.0,ば,0.0
200021071_00081_1,1013,1734,1096,1841,ほ,ほ,99.8,O,ぼ,0.1,ぽ,0.0,を,0.0,下,0.0
200021071_00081_1,711,2306,801,2428,け,け,99.8,O,げ,0.0,遣,0.0,口,0.0,日,0.0
200021071_00081_1,403,567,478,641,め,め,99.6,O,あ,0.0,女,0.0,ぬ,0.0,り,0.0
200021071_00081_1,91,1595,212,1711,れ,れ,99.8,O,ね,0.0,礼,0.0,ん,0.0,の,0.0
200021071_00081_1,1456,2343,1544,2430,ま,ま,99.8,O,よ,0.0,さ,0.0,る,0.0,に,0.0
200021071_00081_1,1272,845,1384,932,れ,れ,99.7,O,ね,0.0,礼,0.0,の,0.0,ん,0.0
200021071_00081_1,1596,1742,1673,1835,て,て,99.8,O,で,0.0,そ,0.0,く,0.0,〱,0.0
200021071_00081_1,1613,1475,1671,1597,く,く,99.8,O,〱,0.0,ゝ,0.0,具,0.0,ぐ,0.0
200021071_00081_1,1163,2801,1246,2920,さ,さ,99.8,O,き,0.0,ざ,0.0,た,0.0,ま,0.0
200021071_00081_1,716,1972,788,2090,き,き,99.8,O,ぎ,0.0,さ,0.0,た,0.0,れ,0.0
200021071_00081_1,1146,2638,1255,2751,れ,れ,99.7,O,ね,0.0,礼,0.0,ん,0.0,の,0.0
200021071_00081_1,1301,523,1366,628,な,な,99.8,O,る,0.0,那,0.0,ほ,0.0,ま,0.0
200021071_00081_1,409,1518,490,1624,つ,つ,99.7,O,づ,0.0,門,0.0,へ,0.0,っ,0.0
200021071_00081_1,1737,1887,1843,1909,一,一,99.8,O,二,0.0,へ,0.0,四,0.0,マ,0.0
200021071_00081_1,572,2689,651,2796,け,け,99.8,O,げ,0.0,遣,0.0,口,0.0,サ,0.0
200021071_00081_1,837,918,937,1031,の,の,99.8,O,之,0.0,○,0.0,て,0.0,い,0.0
200021071_00081_1,1319,1618,1367,1722,け,け,99.8,O,遣,0.0,口,0.0,げ,0.0,か,0.0
200021071_00081_1,262,1155,346,1245,な,な,99.7,O,る,0.0,ほ,0.0,那,0.0,を,0.0
200021071_00081_1,128,2796,195,2910,ち,ち,99.8,O,ぢ,0.0,り,0.0,ら,0.0,あ,0.0
200021071_00081_1,429,1987,487,2090,は,は,99.8,O,ハ,0.0,わ,0.0,い,0.0,ば,0.0
200021071_00081_1,1002,1625,1094,1732,つ,つ,99.8,O,門,0.0,づ,0.0,っ,0.0,ツ,0.0
200021071_00081_1,717,2211,799,2297,な,な,99.8,O,ほ,0.0,る,0.0,那,0.0,を,0.0
200021071_00081_1,128,2095,181,2197,く,く,99.7,O,〱,0.1,ゝ,0.0,ぐ,0.0,て,0.0
200021071_00081_1,1011,2217,1096,2332,思,思,99.7,O,し,0.0,忠,0.0,界,0.0,ゑ,0.0
200021071_00081_1,683,1256,802,1355,ふ,ふ,99.8,O,ぶ,0.0,不,0.0,た,0.0,に,0.0
200021071_00081_1,1446,1254,1537,1354,に,に,99.8,O,又,0.0,小,0.0,ふ,0.0,る,0.0
200021071_00081_1,101,2701,200,2791,ふ,ふ,99.6,O,不,0.1,ぶ,0.0,に,0.0,下,0.0
200021071_00081_1,572,2581,650,2676,あ,あ,99.7,O,帰,0.0,し,0.0,め,0.0,ろ,0.0
200021071_00081_1,716,2687,805,2776,の,の,99.8,O,之,0.0,ふ,0.0,て,0.0,い,0.0
200021071_00081_1,1460,1870,1529,1975,こ,こ,99.8,O,ご,0.0,と,0.0,二,0.0,て,0.0
200021071_00081_1,255,1376,339,1465,ゐ,ゐ,99.8,O,為,0.0,ぬ,0.0,九,0.0,井,0.0
200021071_00081_1,876,1800,914,1865,こ,こ,99.8,O,ご,0.0,と,0.0,ア,0.0,〻,0.0
200021071_00081_1,1632,2681,1688,2784,ら,ら,99.8,O,郎,0.0,ゝ,0.0,ち,0.0,候,0.0
200021071_00081_1,858,2942,952,3044,に,に,99.8,O,又,0.0,て,0.0,子,0.0,小,0.0
200021071_00081_1,396,1013,487,1120,に,に,99.8,O,又,0.0,て,0.0,小,0.0,子,0.0
200021071_00081_1,722,2108,778,2193,た,た,99.8,O,さ,0.0,こ,0.0,だ,0.0,ゝ,0.0
200021071_00081_1,415,1882,498,1987,あ,あ,99.7,O,帰,0.0,め,0.0,ろ,0.0,阿,0.0
200021071_00081_1,283,1737,335,1852,は,は,99.7,O,ハ,0.0,わ,0.0,い,0.0,ば,0.0
200021071_00081_1,418,2589,496,2683,め,め,99.7,O,あ,0.0,女,0.0,り,0.0,ぬ,0.0
200021071_00081_1,1300,2077,1401,2183,に,に,99.8,O,又,0.0,て,0.0,小,0.0,子,0.0
200021071_00081_1,994,778,1066,878,て,て,99.8,O,で,0.0,そ,0.0,く,0.0,〱,0.0
200021071_00081_1,879,1030,925,1130,み,み,98.2,O,ミ,1.5,之,0.0,え,0.0,こ,0.0
200021071_00081_1,266,1978,338,2054,あ,あ,99.7,O,帰,0.0,し,0.0,め,0.0,ろ,0.0
200021071_00081_1,1592,1370,1672,1474,あ,あ,99.7,O,帰,0.0,め,0.0,し,0.0,ろ,0.0
200021071_00081_1,689,622,781,750,す,す,99.7,O,ず,0.0,寸,0.0,次,0.0,そ,0.0
200021071_00081_1,548,1490,628,1599,て,て,99.8,O,で,0.0,そ,0.0,く,0.0,〱,0.0
200021071_00081_1,275,906,319,986,み,み,91.5,O,ミ,7.8,之,0.1,こ,0.0,三,0.0
200021071_00081_1,91,1131,191,1237,ほ,ほ,99.7,O,ぼ,0.0,ぽ,0.0,あ,0.0,を,0.0
200021071_00081_1,1609,1242,1656,1359,り,り,99.7,O,う,0.0,る,0.0,か,0.0,も,0.0
200021071_00081_1,250,642,321,745,て,て,99.8,O,で,0.0,そ,0.0,く,0.0,〱,0.0
200021071_00081_1,250,1026,333,1141,や,屋,99.5,X,や,0.2,難,0.0,然,0.0,べ,0.0
200021071_00081_1,1300,772,1362,840,け,け,99.8,O,遣,0.0,げ,0.0,口,0.0,か,0.0
200021071_00081_1,881,2455,935,2569,り,り,99.7,O,う,0.0,る,0.0,か,0.0,里,0.0
200021071_00081_1,1726,529,1836,618,や,や,99.8,O,屋,0.0,ヤ,0.0,ゆ,0.0,女,0.0
200021071_00081_1,1616,1613,1659,1728,ま,ま,99.7,O,よ,0.0,れ,0.0,て,0.0,さ,0.0
200021071_00081_1,259,1871,346,1954,せ,せ,99.8,O,ぜ,0.0,世,0.0,セ,0.0,勢,0.0
200021071_00081_1,548,1858,642,1962,ん,ん,99.8,O,む,0.0,人,0.0,つ,0.0,て,0.0
200021071_00081_1,1747,1461,1826,1576,め,め,99.7,O,あ,0.0,り,0.0,ぬ,0.0,女,0.0
200021071_00081_1,1609,1134,1652,1236,よ,よ,99.7,O,ま,0.0,と,0.0,か,0.0,て,0.0
200021071_00081_1,866,2352,941,2451,あ,あ,99.7,O,帰,0.0,し,0.0,め,0.0,ろ,0.0
200021071_00081_1,573,1262,621,1361,た,た,99.8,O,さ,0.0,だ,0.0,ら,0.0,ゝ,0.0
200021071_00081_1,262,1268,336,1370,く,く,99.7,O,〱,0.1,ぐ,0.0,ゝ,0.0,て,0.0
200021071_00081_1,124,1499,176,1585,さ,さ,99.8,O,き,0.0,た,0.0,ま,0.0,ざ,0.0
200021071_00081_1,569,1373,617,1477,は,は,99.7,O,ハ,0.0,わ,0.0,い,0.0,ば,0.0
200021071_00081_1,527,651,642,750,ふ,ふ,99.8,O,ぶ,0.0,不,0.0,た,0.0,に,0.0
200021071_00081_1,101,774,187,847,つ,つ,99.8,O,門,0.0,づ,0.0,い,0.0,へ,0.0
200021071_00081_1,740,2569,776,2680,も,も,99.8,O,を,0.0,て,0.0,と,0.0,に,0.0
200021071_00081_1,1025,658,1060,759,と,と,99.7,O,ど,0.0,こ,0.0,た,0.0,し,0.0
200021071_00081_1,1144,2104,1240,2222,給,竹,98.9,X,行,0.0,作,0.0,給,0.0,飲,0.0
200021071_00081_1,711,1132,748,1194,う,か,98.2,X,う,1.3,る,0.0,り,0.0,ろ,0.0
200021071_00081_1,571,1141,606,1260,う,う,99.7,O,そ,0.0,ら,0.0,か,0.0,り,0.0
200021071_00081_1,1441,1587,1544,1650,へ,へ,99.7,O,べ,0.0,ヘ,0.0,一,0.0,え,0.0
200021071_00081_1,1596,2604,1705,2666,へ,へ,99.7,O,ヘ,0.0,べ,0.0,一,0.0,え,0.0
200021071_00081_1,724,774,756,871,と,と,99.8,O,ど,0.0,こ,0.0,た,0.0,し,0.0
200021071_00081_1,102,628,182,740,め,め,99.7,O,あ,0.0,り,0.0,ぬ,0.0,女,0.0
200021071_00081_1,251,2056,354,2109,つ,つ,99.7,O,門,0.0,づ,0.0,へ,0.0,ろ,0.0
200021071_00081_1,1171,2571,1220,2630,け,け,99.8,O,遣,0.0,げ,0.0,口,0.0,か,0.0
200021071_00081_1,1191,2921,1218,3023,ら,ら,99.8,O,郎,0.0,ゝ,0.0,候,0.0,分,0.0
200021071_00081_1,1598,2456,1687,2578,た,た,99.8,O,だ,0.0,多,0.0,さ,0.0,両,0.0
200021071_00081_1,278,1503,315,1603,に,に,99.8,O,よ,0.0,又,0.0,て,0.0,し,0.0
200021071_00081_1,1007,1387,1087,1493,さ,さ,99.8,O,き,0.0,ま,0.0,た,0.0,ざ,0.0
200021071_00081_1,1144,2242,1254,2295,へ,へ,99.7,O,ヘ,0.0,べ,0.0,一,0.0,え,0.0
200021071_00081_1,724,2815,803,2936,さ,さ,99.8,O,き,0.0,ざ,0.0,ま,0.0,た,0.0
200021071_00081_1,1472,1164,1503,1253,か,か,99.7,O,ろ,0.0,る,0.0,う,0.0,加,0.0
200021071_00081_1,1761,628,1802,738,か,か,88.8,O,る,10.2,り,0.2,候,0.0,ろ,0.0
200021071_00081_1,707,1193,769,1255,た,た,99.8,O,さ,0.0,だ,0.0,ゝ,0.0,こ,0.0
200021071_00081_1,894,2811,930,2916,と,と,99.8,O,ど,0.0,ゝ,0.0,た,0.0,こ,0.0
200021071_00081_1,277,533,307,620,と,と,99.8,O,こ,0.0,ど,0.0,た,0.0,ゝ,0.0
200021071_00081_1,706,539,775,602,は,は,94.9,O,ハ,4.8,わ,0.1,い,0.0,八,0.0
200021071_00081_1,708,2971,833,3021,へ,へ,99.7,O,ヘ,0.0,べ,0.0,一,0.0,え,0.0
200021071_00081_1,1493,2429,1525,2548,し,し,99.8,O,ら,0.0,じ,0.0,ゝ,0.0,候,0.0
200021071_00081_1,1781,2810,1832,2893,け,け,99.8,O,口,0.0,候,0.0,か,0.0,遣,0.0
200021071_00081_1,117,532,157,625,か,か,99.7,O,る,0.0,ろ,0.0,う,0.0,け,0.0
200021071_00081_1,1027,1508,1065,1601,か,か,69.1,O,る,29.3,り,0.5,候,0.0,ら,0.0
200021071_00081_1,594,2110,625,2207,と,と,99.8,O,こ,0.0,ど,0.0,た,0.0,ゝ,0.0
200021071_00081_1,429,895,464,1003,と,と,99.8,O,ど,0.0,た,0.0,こ,0.0,し,0.0
200021071_00081_1,1334,1960,1363,2069,と,と,99.7,O,ど,0.0,た,0.0,し,0.0,こ,0.0
200021071_00081_1,1329,628,1346,743,し,し,99.7,O,ら,0.0,ゝ,0.0,じ,0.0,候,0.0
200021071_00081_1,1775,1368,1807,1458,か,か,99.7,O,る,0.0,ろ,0.0,加,0.0,が,0.0
200021071_00081_1,1047,2708,1069,2780,ゝ,ゝ,99.1,O,く,0.2,候,0.2,ヽ,0.2,ゞ,0.0
200021071_00081_1,878,1635,909,1687,か,か,99.7,O,る,0.0,ろ,0.0,が,0.0,加,0.0
200021071_00081_1,595,1761,616,1861,ら,ら,99.5,O,候,0.1,々,0.0,ゝ,0.0,郎,0.0
200021071_00081_1,1474,1515,1504,1575,候,か,99.7,X,る,0.0,ろ,0.0,け,0.0,加,0.0
200021071_00081_1,887,2022,912,2098,ゝ,ゝ,99.5,O,候,0.1,ヽ,0.1,く,0.0,ゞ,0.0
200021071_00081_1,879,1684,903,1800,し,し,99.7,O,ら,0.0,ゝ,0.0,じ,0.0,候,0.0
200021071_00081_1,1632,1983,1643,2089,,し,99.7,,ら,0.0,じ,0.0,ゝ,0.0,〱,0.0
200021071_00081_1,563,520,616,647,,た,72.3,,は,5.4,き,4.6,え,2.2,之,1.9
200021071_00081_1,1186,1377,1210,1492,し,し,99.7,O,ら,0.0,候,0.0,よ,0.0,申,0.0
